main_category,success_rate
Music,0.48415182153747394
Film & Video,0.37581278517034705
Games,0.3572178850248403
Publishing,0.31168174695445583
Art,0.4103229014955064
Design,0.3538451303885045
Theater,0.599486756484282
Technology,0.19949021896016952
Food,0.24808943089430893
Comics,0.5418245678898235
Fashion,0.24640540066631597
Photography,0.30747819632584894
Dance,0.6211839660207061
Crafts,0.24077647860143037
Journalism,0.2139251156920488
